{
  "rows": [
    {
      "id": "row-1",
      "label": "Ch 1 — The Crossing",
      "height": 90,
      "bgColor": "#ffffff"
    },
    {
      "id": "row-2",
      "label": "Ch 2 — The Letter",
      "height": 90,
      "bgColor": "#f9f9f9"
    },
    {
      "id": "row-3",
      "label": "Ch 3 — Old Friends",
      "height": 90,
      "bgColor": "#ffffff"
    },
    {
      "id": "row-4",
      "label": "Ch 4 — Hidden Paintings",
      "height": 90,
      "bgColor": "#f9f9f9"
    },
    {
      "id": "row-5",
      "label": "Ch 5 — Threats",
      "height": 90,
      "bgColor": "#ffffff"
    },
    {
      "id": "row-6",
      "label": "Ch 6 — Secrets",
      "height": 90,
      "bgColor": "#f9f9f9"
    },
    {
      "id": "row-7",
      "label": "Ch 7 — The Storm",
      "height": 90,
      "bgColor": "#ffffff"
    },
    {
      "id": "row-8",
      "label": "Ch 8 — Trespassers",
      "height": 90,
      "bgColor": "#f9f9f9"
    },
    {
      "id": "row-9",
      "label": "Ch 9 — Flashback",
      "height": 90,
      "bgColor": "#ffffff"
    },
    {
      "id": "row-10",
      "label": "Ch 10 — Confrontation",
      "height": 90,
      "bgColor": "#f9f9f9"
    },
    {
      "id": "row-11",
      "label": "Ch 11 — Confession",
      "height": 90,
      "bgColor": "#ffffff"
    },
    {
      "id": "row-12",
      "label": "Ch 12 — Aftermath",
      "height": 90,
      "bgColor": "#f9f9f9"
    }
  ],
  "columns": [
    {
      "id": "col-1",
      "label": "Mystery",
      "width": 240,
      "bgColor": "#e8eaf6"
    },
    {
      "id": "col-2",
      "label": "Romance",
      "width": 240,
      "bgColor": "#fce4ec"
    },
    {
      "id": "col-3",
      "label": "Family Secrets",
      "width": 240,
      "bgColor": "#fff3e0"
    },
    {
      "id": "col-4",
      "label": "Island Politics",
      "width": 240,
      "bgColor": "#e8f5e9"
    }
  ],
  "cells": {
    "row-1-col-1": {
      "id": "row-1-col-1",
      "content": "Emma arrives on Havenrock. Feels the island's unease.",
      "bgColor": "#e8eaf6",
      "textColor": "#1a1a2e",
      "bold": false,
      "italic": false,
      "align": "left",
      "linkedSceneId": "StoryLine/Sample Project/Scenes/01-01 The Crossing.md"
    },
    "row-1-col-2": {
      "id": "row-1-col-2",
      "content": "",
      "bgColor": "",
      "textColor": "",
      "bold": false,
      "italic": false,
      "align": "center"
    },
    "row-1-col-3": {
      "id": "row-1-col-3",
      "content": "Grandmother's cottage triggers childhood memories",
      "bgColor": "#fff3e0",
      "textColor": "#1a1a2e",
      "bold": false,
      "italic": true,
      "align": "left"
    },
    "row-1-col-4": {
      "id": "row-1-col-4",
      "content": "Harbour feels quieter than it should. Economy struggling.",
      "bgColor": "#e8f5e9",
      "textColor": "#1a1a2e",
      "bold": false,
      "italic": true,
      "align": "left"
    },
    "row-2-col-1": {
      "id": "row-2-col-1",
      "content": "Finds Eleanor's letter: 'Thomas didn't drown'",
      "bgColor": "#c5cae9",
      "textColor": "#1a1a2e",
      "bold": true,
      "italic": false,
      "align": "left",
      "linkedSceneId": "StoryLine/Sample Project/Scenes/01-02 The Letter.md"
    },
    "row-2-col-2": {
      "id": "row-2-col-2",
      "content": "",
      "bgColor": "",
      "textColor": "",
      "bold": false,
      "italic": false,
      "align": "center"
    },
    "row-2-col-3": {
      "id": "row-2-col-3",
      "content": "Letter reveals Eleanor kept secrets for decades",
      "bgColor": "#ffe0b2",
      "textColor": "#1a1a2e",
      "bold": false,
      "italic": false,
      "align": "left"
    },
    "row-2-col-4": {
      "id": "row-2-col-4",
      "content": "",
      "bgColor": "",
      "textColor": "",
      "bold": false,
      "italic": false,
      "align": "center"
    },
    "row-3-col-1": {
      "id": "row-3-col-1",
      "content": "Maggie hints at truth but deflects with tea and silence",
      "bgColor": "#e8eaf6",
      "textColor": "#1a1a2e",
      "bold": false,
      "italic": false,
      "align": "left",
      "linkedSceneId": "StoryLine/Sample Project/Scenes/01-03 What Maggie Knows.md"
    },
    "row-3-col-2": {
      "id": "row-3-col-2",
      "content": "First real conversation with Jack at the lighthouse",
      "bgColor": "#fce4ec",
      "textColor": "#1a1a2e",
      "bold": false,
      "italic": false,
      "align": "left"
    },
    "row-3-col-3": {
      "id": "row-3-col-3",
      "content": "Maggie and Eleanor were close — she knows something",
      "bgColor": "#fff3e0",
      "textColor": "#1a1a2e",
      "bold": false,
      "italic": true,
      "align": "left"
    },
    "row-3-col-4": {
      "id": "row-3-col-4",
      "content": "",
      "bgColor": "",
      "textColor": "",
      "bold": false,
      "italic": false,
      "align": "center"
    },
    "row-4-col-1": {
      "id": "row-4-col-1",
      "content": "Coordinates decoded from Eleanor's paintings",
      "bgColor": "#c5cae9",
      "textColor": "#1a1a2e",
      "bold": true,
      "italic": false,
      "align": "left",
      "linkedSceneId": "StoryLine/Sample Project/Scenes/01-04 The Painting.md"
    },
    "row-4-col-2": {
      "id": "row-4-col-2",
      "content": "Jack brings his father's logbook. Alliance forms.",
      "bgColor": "#fce4ec",
      "textColor": "#1a1a2e",
      "bold": false,
      "italic": false,
      "align": "left"
    },
    "row-4-col-3": {
      "id": "row-4-col-3",
      "content": "Paintings hold a message only family would understand",
      "bgColor": "#ffe0b2",
      "textColor": "#1a1a2e",
      "bold": true,
      "italic": false,
      "align": "left"
    },
    "row-4-col-4": {
      "id": "row-4-col-4",
      "content": "",
      "bgColor": "",
      "textColor": "",
      "bold": false,
      "italic": false,
      "align": "center"
    },
    "row-5-col-1": {
      "id": "row-5-col-1",
      "content": "Howard's veiled threat at the tavern",
      "bgColor": "#c5cae9",
      "textColor": "#1a1a2e",
      "bold": true,
      "italic": false,
      "align": "left",
      "linkedSceneId": "StoryLine/Sample Project/Scenes/02-05 The Warning.md"
    },
    "row-5-col-2": {
      "id": "row-5-col-2",
      "content": "Jack steps in to protect Emma from Howard",
      "bgColor": "#fce4ec",
      "textColor": "#1a1a2e",
      "bold": false,
      "italic": false,
      "align": "left"
    },
    "row-5-col-3": {
      "id": "row-5-col-3",
      "content": "",
      "bgColor": "",
      "textColor": "",
      "bold": false,
      "italic": false,
      "align": "center"
    },
    "row-5-col-4": {
      "id": "row-5-col-4",
      "content": "Resort development deal — Blackwood's power play",
      "bgColor": "#c8e6c9",
      "textColor": "#1a1a2e",
      "bold": true,
      "italic": false,
      "align": "left"
    },
    "row-6-col-1": {
      "id": "row-6-col-1",
      "content": "Jack reveals harbor record discrepancies spanning decades",
      "bgColor": "#e8eaf6",
      "textColor": "#1a1a2e",
      "bold": false,
      "italic": false,
      "align": "left",
      "linkedSceneId": "StoryLine/Sample Project/Scenes/02-06 Jacks Secret.md"
    },
    "row-6-col-2": {
      "id": "row-6-col-2",
      "content": "Dawn at the lighthouse. Trust deepens into something more.",
      "bgColor": "#f8bbd0",
      "textColor": "#1a1a2e",
      "bold": false,
      "italic": false,
      "align": "left"
    },
    "row-6-col-3": {
      "id": "row-6-col-3",
      "content": "Jack's father also disappeared — families are connected",
      "bgColor": "#ffe0b2",
      "textColor": "#1a1a2e",
      "bold": false,
      "italic": false,
      "align": "left"
    },
    "row-6-col-4": {
      "id": "row-6-col-4",
      "content": "Harbor ledgers show payments to unknown accounts",
      "bgColor": "#e8f5e9",
      "textColor": "#1a1a2e",
      "bold": false,
      "italic": true,
      "align": "left"
    },
    "row-7-col-1": {
      "id": "row-7-col-1",
      "content": "Storm night — someone breaks in, slashes paintings",
      "bgColor": "#9fa8da",
      "textColor": "#ffffff",
      "bold": true,
      "italic": false,
      "align": "left",
      "linkedSceneId": "StoryLine/Sample Project/Scenes/02-07 The Storm.md"
    },
    "row-7-col-2": {
      "id": "row-7-col-2",
      "content": "Jack arrives in the storm. Protects Emma. First kiss.",
      "bgColor": "#f8bbd0",
      "textColor": "#1a1a2e",
      "bold": true,
      "italic": false,
      "align": "left"
    },
    "row-7-col-3": {
      "id": "row-7-col-3",
      "content": "Whoever slashed them knows about the hidden message",
      "bgColor": "#fff3e0",
      "textColor": "#1a1a2e",
      "bold": false,
      "italic": false,
      "align": "left"
    },
    "row-7-col-4": {
      "id": "row-7-col-4",
      "content": "Blackwood getting desperate. Escalation.",
      "bgColor": "#c8e6c9",
      "textColor": "#1a1a2e",
      "bold": true,
      "italic": false,
      "align": "left"
    },
    "row-8-col-1": {
      "id": "row-8-col-1",
      "content": "Break into Manor. Find Algernon's journal in the safe.",
      "bgColor": "#9fa8da",
      "textColor": "#ffffff",
      "bold": true,
      "italic": false,
      "align": "left",
      "linkedSceneId": "StoryLine/Sample Project/Scenes/02-08 Breaking In.md"
    },
    "row-8-col-2": {
      "id": "row-8-col-2",
      "content": "Emma and Jack work as a team — trust is complete",
      "bgColor": "#fce4ec",
      "textColor": "#1a1a2e",
      "bold": false,
      "italic": false,
      "align": "left"
    },
    "row-8-col-3": {
      "id": "row-8-col-3",
      "content": "Journal reveals Algernon knew about Thomas's fate",
      "bgColor": "#ffe0b2",
      "textColor": "#1a1a2e",
      "bold": true,
      "italic": false,
      "align": "left"
    },
    "row-8-col-4": {
      "id": "row-8-col-4",
      "content": "Algernon's journal exposes decades of corruption",
      "bgColor": "#c8e6c9",
      "textColor": "#1a1a2e",
      "bold": false,
      "italic": false,
      "align": "left"
    },
    "row-9-col-1": {
      "id": "row-9-col-1",
      "content": "",
      "bgColor": "",
      "textColor": "",
      "bold": false,
      "italic": false,
      "align": "center"
    },
    "row-9-col-2": {
      "id": "row-9-col-2",
      "content": "",
      "bgColor": "",
      "textColor": "",
      "bold": false,
      "italic": false,
      "align": "center"
    },
    "row-9-col-3": {
      "id": "row-9-col-3",
      "content": "FLASHBACK: Midsummer 1982. Thomas's last happy day.",
      "bgColor": "#ffe0b2",
      "textColor": "#1a1a2e",
      "bold": false,
      "italic": true,
      "align": "left",
      "linkedSceneId": "StoryLine/Sample Project/Scenes/02-09 The Last Good Summer.md"
    },
    "row-9-col-4": {
      "id": "row-9-col-4",
      "content": "",
      "bgColor": "",
      "textColor": "",
      "bold": false,
      "italic": false,
      "align": "center"
    },
    "row-10-col-1": {
      "id": "row-10-col-1",
      "content": "Emma confronts Howard with the evidence. He crumbles.",
      "bgColor": "#9fa8da",
      "textColor": "#ffffff",
      "bold": true,
      "italic": false,
      "align": "left",
      "linkedSceneId": "StoryLine/Sample Project/Scenes/03-10 The Confrontation.md"
    },
    "row-10-col-2": {
      "id": "row-10-col-2",
      "content": "Jack at her side — she's not doing this alone anymore",
      "bgColor": "#fce4ec",
      "textColor": "#1a1a2e",
      "bold": false,
      "italic": false,
      "align": "left"
    },
    "row-10-col-3": {
      "id": "row-10-col-3",
      "content": "Howard's family covered up Thomas's murder for land rights",
      "bgColor": "#ffe0b2",
      "textColor": "#1a1a2e",
      "bold": true,
      "italic": false,
      "align": "left"
    },
    "row-10-col-4": {
      "id": "row-10-col-4",
      "content": "Howard's authority collapses. Island watches in shock.",
      "bgColor": "#c8e6c9",
      "textColor": "#1a1a2e",
      "bold": true,
      "italic": false,
      "align": "left"
    },
    "row-11-col-1": {
      "id": "row-11-col-1",
      "content": "Maggie confesses to her role in the cover-up",
      "bgColor": "#e8eaf6",
      "textColor": "#1a1a2e",
      "bold": false,
      "italic": false,
      "align": "left",
      "linkedSceneId": "StoryLine/Sample Project/Scenes/03-11 Maggies Confession.md"
    },
    "row-11-col-2": {
      "id": "row-11-col-2",
      "content": "",
      "bgColor": "",
      "textColor": "",
      "bold": false,
      "italic": false,
      "align": "center"
    },
    "row-11-col-3": {
      "id": "row-11-col-3",
      "content": "Maggie's guilt: she chose safety over truth for 40 years",
      "bgColor": "#ffe0b2",
      "textColor": "#1a1a2e",
      "bold": false,
      "italic": true,
      "align": "left"
    },
    "row-11-col-4": {
      "id": "row-11-col-4",
      "content": "The old guard who kept silent begin to speak up",
      "bgColor": "#e8f5e9",
      "textColor": "#1a1a2e",
      "bold": false,
      "italic": true,
      "align": "left"
    },
    "row-12-col-1": {
      "id": "row-12-col-1",
      "content": "Truth is out. Thomas is remembered. The ring stays on.",
      "bgColor": "#9fa8da",
      "textColor": "#ffffff",
      "bold": true,
      "italic": false,
      "align": "left",
      "linkedSceneId": "StoryLine/Sample Project/Scenes/03-12 The Aftermath.md"
    },
    "row-12-col-2": {
      "id": "row-12-col-2",
      "content": "Emma and Jack together. She decides to stay on the island.",
      "bgColor": "#f8bbd0",
      "textColor": "#1a1a2e",
      "bold": true,
      "italic": false,
      "align": "left"
    },
    "row-12-col-3": {
      "id": "row-12-col-3",
      "content": "Emma writes Thomas's story — a tribute, not an exposé",
      "bgColor": "#fff3e0",
      "textColor": "#1a1a2e",
      "bold": false,
      "italic": false,
      "align": "left"
    },
    "row-12-col-4": {
      "id": "row-12-col-4",
      "content": "Resort deal collapses. Island must find a new path.",
      "bgColor": "#c8e6c9",
      "textColor": "#1a1a2e",
      "bold": false,
      "italic": false,
      "align": "left"
    }
  },
  "zoom": 1,
  "stickyHeaders": true
}