{
  "rows": [
    {
      "id": "row-1",
      "label": "A1 · Ch1 · The Crossing",
      "height": 90,
      "bgColor": "#ffffff",
      "sourceType": "auto",
      "sourceId": "StoryLine/Sample Project/Scenes/01-01 The Crossing.md"
    },
    {
      "id": "row-2",
      "label": "A1 · Ch2 · The Letter",
      "height": 90,
      "bgColor": "#f9f9f9",
      "sourceType": "auto",
      "sourceId": "StoryLine/Sample Project/Scenes/01-02 The Letter.md"
    },
    {
      "id": "row-3",
      "label": "A1 · Ch3 · What Maggie Knows",
      "height": 90,
      "bgColor": "#ffffff",
      "sourceType": "auto",
      "sourceId": "StoryLine/Sample Project/Scenes/01-03 What Maggie Knows.md"
    },
    {
      "id": "row-4",
      "label": "A1 · Ch4 · The Painting",
      "height": 90,
      "bgColor": "#f9f9f9",
      "sourceType": "auto",
      "sourceId": "StoryLine/Sample Project/Scenes/01-04 The Painting.md"
    },
    {
      "id": "row-5",
      "label": "A2 · Ch5 · The Warning",
      "height": 90,
      "bgColor": "#ffffff",
      "sourceType": "auto",
      "sourceId": "StoryLine/Sample Project/Scenes/02-05 The Warning.md"
    },
    {
      "id": "row-6",
      "label": "A2 · Ch6 · Jack's Secret",
      "height": 90,
      "bgColor": "#f9f9f9",
      "sourceType": "auto",
      "sourceId": "StoryLine/Sample Project/Scenes/02-06 Jacks Secret.md"
    },
    {
      "id": "row-7",
      "label": "A2 · Ch7 · The Storm",
      "height": 90,
      "bgColor": "#ffffff",
      "sourceType": "auto",
      "sourceId": "StoryLine/Sample Project/Scenes/02-07 The Storm.md"
    },
    {
      "id": "row-8",
      "label": "A2 · Ch8 · Breaking In",
      "height": 90,
      "bgColor": "#f9f9f9",
      "sourceType": "auto",
      "sourceId": "StoryLine/Sample Project/Scenes/02-08 Breaking In.md"
    },
    {
      "id": "row-9",
      "label": "A2 · Ch8 · The Last Good Summer",
      "height": 90,
      "bgColor": "#ffffff",
      "sourceType": "auto",
      "sourceId": "StoryLine/Sample Project/Scenes/02-09 The Last Good Summer.md"
    },
    {
      "id": "row-10",
      "label": "A3 · Ch9 · The Confrontation",
      "height": 90,
      "bgColor": "#f9f9f9",
      "sourceType": "auto",
      "sourceId": "StoryLine/Sample Project/Scenes/03-10 The Confrontation.md"
    },
    {
      "id": "row-11",
      "label": "A3 · Ch9 · Maggie's Confession",
      "height": 90,
      "bgColor": "#ffffff",
      "sourceType": "auto",
      "sourceId": "StoryLine/Sample Project/Scenes/03-11 Maggies Confession.md"
    },
    {
      "id": "row-12",
      "label": "A3 · Ch9 · The Aftermath",
      "height": 90,
      "bgColor": "#f9f9f9",
      "sourceType": "auto",
      "sourceId": "StoryLine/Sample Project/Scenes/03-12 The Aftermath.md"
    }
  ],
  "columns": [
    {
      "id": "col-1",
      "label": "Mystery",
      "width": 240,
      "bgColor": "#e8eaf6",
      "headerBgColor": "#c5cae9",
      "sourceType": "auto",
      "sourceId": "mystery"
    },
    {
      "id": "col-2",
      "label": "Romance",
      "width": 240,
      "bgColor": "#fce4ec",
      "headerBgColor": "#f8bbd0",
      "sourceType": "auto",
      "sourceId": "romance"
    },
    {
      "id": "col-3",
      "label": "Family Secrets",
      "width": 240,
      "bgColor": "#fff3e0",
      "headerBgColor": "#ffe0b2",
      "sourceType": "auto",
      "sourceId": "family-secrets"
    },
    {
      "id": "col-4",
      "label": "Island Politics",
      "width": 240,
      "bgColor": "#e8f5e9",
      "headerBgColor": "#c8e6c9",
      "sourceType": "auto",
      "sourceId": "politics"
    },
    {
      "id": "col-5",
      "label": "Emma Hartwell",
      "width": 150,
      "bgColor": "#e3f2fd",
      "headerBgColor": "#bbdefb",
      "sourceType": "auto",
      "sourceId": "Emma Hartwell"
    },
    {
      "id": "col-6",
      "label": "Jack Mercer",
      "width": 150,
      "bgColor": "#ede7f6",
      "headerBgColor": "#d1c4e9",
      "sourceType": "auto",
      "sourceId": "Jack Mercer"
    },
    {
      "id": "col-7",
      "label": "Eleanor Hartwell",
      "width": 150,
      "bgColor": "#fce4ec",
      "headerBgColor": "#f8bbd0",
      "sourceType": "auto",
      "sourceId": "Eleanor Hartwell"
    },
    {
      "id": "col-8",
      "label": "Maggie Shaw",
      "width": 150,
      "bgColor": "#e0f2f1",
      "headerBgColor": "#b2dfdb",
      "sourceType": "auto",
      "sourceId": "Maggie Shaw"
    },
    {
      "id": "col-9",
      "label": "Howard Blackwood",
      "width": 150,
      "bgColor": "#fbe9e7",
      "headerBgColor": "#ffccbc",
      "sourceType": "auto",
      "sourceId": "Howard Blackwood"
    },
    {
      "id": "col-10",
      "label": "Thomas Hartwell",
      "width": 150,
      "bgColor": "#fff9c4",
      "headerBgColor": "#fff176",
      "sourceType": "auto",
      "sourceId": "Thomas Hartwell"
    }
  ],
  "cells": {
    "row-1-col-1": {
      "id": "row-1-col-1",
      "content": "Emma arrives on Havenrock. Feels the island's unease.",
      "bgColor": "#e8eaf6",
      "textColor": "#1a1a2e",
      "bold": false,
      "italic": false,
      "align": "left",
      "linkedSceneId": "StoryLine/Sample Project/Scenes/01-01 The Crossing.md",
      "manualContent": true
    },
    "row-1-col-2": {
      "id": "row-1-col-2",
      "content": "",
      "bgColor": "",
      "textColor": "",
      "bold": false,
      "italic": false,
      "align": "center"
    },
    "row-1-col-3": {
      "id": "row-1-col-3",
      "content": "Grandmother's cottage triggers childhood memories",
      "bgColor": "#fff3e0",
      "textColor": "#1a1a2e",
      "bold": false,
      "italic": true,
      "align": "left",
      "manualContent": true
    },
    "row-1-col-4": {
      "id": "row-1-col-4",
      "content": "Harbour feels quieter than it should. Economy struggling.",
      "bgColor": "#e8f5e9",
      "textColor": "#1a1a2e",
      "bold": false,
      "italic": true,
      "align": "left",
      "manualContent": true
    },
    "row-1-col-5": {
      "id": "row-1-col-5",
      "content": "★ POV",
      "bgColor": "#bbdefb",
      "textColor": "#1a1a2e",
      "bold": true,
      "italic": false,
      "align": "center",
      "linkedSceneId": "StoryLine/Sample Project/Scenes/01-01 The Crossing.md"
    },
    "row-1-col-6": {
      "id": "row-1-col-6",
      "content": "✓",
      "bgColor": "#ede7f6",
      "textColor": "#1a1a2e",
      "bold": false,
      "italic": false,
      "align": "center",
      "linkedSceneId": "StoryLine/Sample Project/Scenes/01-01 The Crossing.md"
    },
    "row-1-col-7": {
      "id": "row-1-col-7",
      "content": "",
      "bgColor": "",
      "textColor": "",
      "bold": false,
      "italic": false,
      "align": "center"
    },
    "row-1-col-8": {
      "id": "row-1-col-8",
      "content": "",
      "bgColor": "",
      "textColor": "",
      "bold": false,
      "italic": false,
      "align": "center"
    },
    "row-1-col-9": {
      "id": "row-1-col-9",
      "content": "",
      "bgColor": "",
      "textColor": "",
      "bold": false,
      "italic": false,
      "align": "center"
    },
    "row-1-col-10": {
      "id": "row-1-col-10",
      "content": "",
      "bgColor": "",
      "textColor": "",
      "bold": false,
      "italic": false,
      "align": "center"
    },
    "row-2-col-1": {
      "id": "row-2-col-1",
      "content": "Finds Eleanor's letter: 'Thomas didn't drown'",
      "bgColor": "#c5cae9",
      "textColor": "#1a1a2e",
      "bold": true,
      "italic": false,
      "align": "left",
      "linkedSceneId": "StoryLine/Sample Project/Scenes/01-02 The Letter.md",
      "manualContent": true
    },
    "row-2-col-2": {
      "id": "row-2-col-2",
      "content": "",
      "bgColor": "",
      "textColor": "",
      "bold": false,
      "italic": false,
      "align": "center"
    },
    "row-2-col-3": {
      "id": "row-2-col-3",
      "content": "Letter reveals Eleanor kept secrets for decades",
      "bgColor": "#ffe0b2",
      "textColor": "#1a1a2e",
      "bold": false,
      "italic": false,
      "align": "left",
      "manualContent": true
    },
    "row-2-col-4": {
      "id": "row-2-col-4",
      "content": "",
      "bgColor": "",
      "textColor": "",
      "bold": false,
      "italic": false,
      "align": "center"
    },
    "row-2-col-5": {
      "id": "row-2-col-5",
      "content": "★ POV",
      "bgColor": "#bbdefb",
      "textColor": "#1a1a2e",
      "bold": true,
      "italic": false,
      "align": "center",
      "linkedSceneId": "StoryLine/Sample Project/Scenes/01-02 The Letter.md"
    },
    "row-2-col-6": {
      "id": "row-2-col-6",
      "content": "",
      "bgColor": "",
      "textColor": "",
      "bold": false,
      "italic": false,
      "align": "center"
    },
    "row-2-col-7": {
      "id": "row-2-col-7",
      "content": "✓",
      "bgColor": "#fce4ec",
      "textColor": "#1a1a2e",
      "bold": false,
      "italic": false,
      "align": "center",
      "linkedSceneId": "StoryLine/Sample Project/Scenes/01-02 The Letter.md"
    },
    "row-2-col-8": {
      "id": "row-2-col-8",
      "content": "",
      "bgColor": "",
      "textColor": "",
      "bold": false,
      "italic": false,
      "align": "center"
    },
    "row-2-col-9": {
      "id": "row-2-col-9",
      "content": "",
      "bgColor": "",
      "textColor": "",
      "bold": false,
      "italic": false,
      "align": "center"
    },
    "row-2-col-10": {
      "id": "row-2-col-10",
      "content": "",
      "bgColor": "",
      "textColor": "",
      "bold": false,
      "italic": false,
      "align": "center"
    },
    "row-3-col-1": {
      "id": "row-3-col-1",
      "content": "Maggie hints at truth but deflects with tea and silence",
      "bgColor": "#e8eaf6",
      "textColor": "#1a1a2e",
      "bold": false,
      "italic": false,
      "align": "left",
      "linkedSceneId": "StoryLine/Sample Project/Scenes/01-03 What Maggie Knows.md",
      "manualContent": true
    },
    "row-3-col-2": {
      "id": "row-3-col-2",
      "content": "First real conversation with Jack at the lighthouse",
      "bgColor": "#fce4ec",
      "textColor": "#1a1a2e",
      "bold": false,
      "italic": false,
      "align": "left",
      "manualContent": true
    },
    "row-3-col-3": {
      "id": "row-3-col-3",
      "content": "Maggie and Eleanor were close - she knows something",
      "bgColor": "#fff3e0",
      "textColor": "#1a1a2e",
      "bold": false,
      "italic": true,
      "align": "left",
      "manualContent": true
    },
    "row-3-col-4": {
      "id": "row-3-col-4",
      "content": "",
      "bgColor": "",
      "textColor": "",
      "bold": false,
      "italic": false,
      "align": "center"
    },
    "row-3-col-5": {
      "id": "row-3-col-5",
      "content": "★ POV",
      "bgColor": "#bbdefb",
      "textColor": "#1a1a2e",
      "bold": true,
      "italic": false,
      "align": "center",
      "linkedSceneId": "StoryLine/Sample Project/Scenes/01-03 What Maggie Knows.md"
    },
    "row-3-col-6": {
      "id": "row-3-col-6",
      "content": "",
      "bgColor": "",
      "textColor": "",
      "bold": false,
      "italic": false,
      "align": "center"
    },
    "row-3-col-7": {
      "id": "row-3-col-7",
      "content": "",
      "bgColor": "",
      "textColor": "",
      "bold": false,
      "italic": false,
      "align": "center"
    },
    "row-3-col-8": {
      "id": "row-3-col-8",
      "content": "✓",
      "bgColor": "#e0f2f1",
      "textColor": "#1a1a2e",
      "bold": false,
      "italic": false,
      "align": "center",
      "linkedSceneId": "StoryLine/Sample Project/Scenes/01-03 What Maggie Knows.md"
    },
    "row-3-col-9": {
      "id": "row-3-col-9",
      "content": "",
      "bgColor": "",
      "textColor": "",
      "bold": false,
      "italic": false,
      "align": "center"
    },
    "row-3-col-10": {
      "id": "row-3-col-10",
      "content": "",
      "bgColor": "",
      "textColor": "",
      "bold": false,
      "italic": false,
      "align": "center"
    },
    "row-4-col-1": {
      "id": "row-4-col-1",
      "content": "Coordinates decoded from Eleanor's paintings",
      "bgColor": "#c5cae9",
      "textColor": "#1a1a2e",
      "bold": true,
      "italic": false,
      "align": "left",
      "linkedSceneId": "StoryLine/Sample Project/Scenes/01-04 The Painting.md",
      "manualContent": true
    },
    "row-4-col-2": {
      "id": "row-4-col-2",
      "content": "Jack brings his father's logbook. Alliance forms.",
      "bgColor": "#fce4ec",
      "textColor": "#1a1a2e",
      "bold": false,
      "italic": false,
      "align": "left",
      "manualContent": true
    },
    "row-4-col-3": {
      "id": "row-4-col-3",
      "content": "Paintings hold a message only family would understand",
      "bgColor": "#ffe0b2",
      "textColor": "#1a1a2e",
      "bold": true,
      "italic": false,
      "align": "left",
      "manualContent": true
    },
    "row-4-col-4": {
      "id": "row-4-col-4",
      "content": "",
      "bgColor": "",
      "textColor": "",
      "bold": false,
      "italic": false,
      "align": "center"
    },
    "row-4-col-5": {
      "id": "row-4-col-5",
      "content": "★ POV",
      "bgColor": "#bbdefb",
      "textColor": "#1a1a2e",
      "bold": true,
      "italic": false,
      "align": "center",
      "linkedSceneId": "StoryLine/Sample Project/Scenes/01-04 The Painting.md"
    },
    "row-4-col-6": {
      "id": "row-4-col-6",
      "content": "✓",
      "bgColor": "#ede7f6",
      "textColor": "#1a1a2e",
      "bold": false,
      "italic": false,
      "align": "center",
      "linkedSceneId": "StoryLine/Sample Project/Scenes/01-04 The Painting.md"
    },
    "row-4-col-7": {
      "id": "row-4-col-7",
      "content": "",
      "bgColor": "",
      "textColor": "",
      "bold": false,
      "italic": false,
      "align": "center"
    },
    "row-4-col-8": {
      "id": "row-4-col-8",
      "content": "",
      "bgColor": "",
      "textColor": "",
      "bold": false,
      "italic": false,
      "align": "center"
    },
    "row-4-col-9": {
      "id": "row-4-col-9",
      "content": "",
      "bgColor": "",
      "textColor": "",
      "bold": false,
      "italic": false,
      "align": "center"
    },
    "row-4-col-10": {
      "id": "row-4-col-10",
      "content": "",
      "bgColor": "",
      "textColor": "",
      "bold": false,
      "italic": false,
      "align": "center"
    },
    "row-5-col-1": {
      "id": "row-5-col-1",
      "content": "Howard's veiled threat at the tavern",
      "bgColor": "#c5cae9",
      "textColor": "#1a1a2e",
      "bold": true,
      "italic": false,
      "align": "left",
      "linkedSceneId": "StoryLine/Sample Project/Scenes/02-05 The Warning.md",
      "manualContent": true
    },
    "row-5-col-2": {
      "id": "row-5-col-2",
      "content": "Jack steps in to protect Emma from Howard",
      "bgColor": "#fce4ec",
      "textColor": "#1a1a2e",
      "bold": false,
      "italic": false,
      "align": "left",
      "manualContent": true
    },
    "row-5-col-3": {
      "id": "row-5-col-3",
      "content": "",
      "bgColor": "",
      "textColor": "",
      "bold": false,
      "italic": false,
      "align": "center"
    },
    "row-5-col-4": {
      "id": "row-5-col-4",
      "content": "Resort development deal - Blackwood's power play",
      "bgColor": "#c8e6c9",
      "textColor": "#1a1a2e",
      "bold": true,
      "italic": false,
      "align": "left",
      "manualContent": true
    },
    "row-5-col-5": {
      "id": "row-5-col-5",
      "content": "★ POV",
      "bgColor": "#bbdefb",
      "textColor": "#1a1a2e",
      "bold": true,
      "italic": false,
      "align": "center",
      "linkedSceneId": "StoryLine/Sample Project/Scenes/02-05 The Warning.md"
    },
    "row-5-col-6": {
      "id": "row-5-col-6",
      "content": "",
      "bgColor": "",
      "textColor": "",
      "bold": false,
      "italic": false,
      "align": "center"
    },
    "row-5-col-7": {
      "id": "row-5-col-7",
      "content": "",
      "bgColor": "",
      "textColor": "",
      "bold": false,
      "italic": false,
      "align": "center"
    },
    "row-5-col-8": {
      "id": "row-5-col-8",
      "content": "",
      "bgColor": "",
      "textColor": "",
      "bold": false,
      "italic": false,
      "align": "center"
    },
    "row-5-col-9": {
      "id": "row-5-col-9",
      "content": "✓",
      "bgColor": "#fbe9e7",
      "textColor": "#1a1a2e",
      "bold": false,
      "italic": false,
      "align": "center",
      "linkedSceneId": "StoryLine/Sample Project/Scenes/02-05 The Warning.md"
    },
    "row-5-col-10": {
      "id": "row-5-col-10",
      "content": "",
      "bgColor": "",
      "textColor": "",
      "bold": false,
      "italic": false,
      "align": "center"
    },
    "row-6-col-1": {
      "id": "row-6-col-1",
      "content": "Jack reveals harbor record discrepancies spanning decades",
      "bgColor": "#e8eaf6",
      "textColor": "#1a1a2e",
      "bold": false,
      "italic": false,
      "align": "left",
      "linkedSceneId": "StoryLine/Sample Project/Scenes/02-06 Jacks Secret.md",
      "manualContent": true
    },
    "row-6-col-2": {
      "id": "row-6-col-2",
      "content": "Dawn at the lighthouse. Trust deepens into something more.",
      "bgColor": "#f8bbd0",
      "textColor": "#1a1a2e",
      "bold": false,
      "italic": false,
      "align": "left",
      "manualContent": true
    },
    "row-6-col-3": {
      "id": "row-6-col-3",
      "content": "Jack's father also disappeared - families are connected",
      "bgColor": "#ffe0b2",
      "textColor": "#1a1a2e",
      "bold": false,
      "italic": false,
      "align": "left",
      "manualContent": true
    },
    "row-6-col-4": {
      "id": "row-6-col-4",
      "content": "Harbor ledgers show payments to unknown accounts",
      "bgColor": "#e8f5e9",
      "textColor": "#1a1a2e",
      "bold": false,
      "italic": true,
      "align": "left",
      "manualContent": true
    },
    "row-6-col-5": {
      "id": "row-6-col-5",
      "content": "✓",
      "bgColor": "#e3f2fd",
      "textColor": "#1a1a2e",
      "bold": false,
      "italic": false,
      "align": "center",
      "linkedSceneId": "StoryLine/Sample Project/Scenes/02-06 Jacks Secret.md"
    },
    "row-6-col-6": {
      "id": "row-6-col-6",
      "content": "★ POV",
      "bgColor": "#d1c4e9",
      "textColor": "#1a1a2e",
      "bold": true,
      "italic": false,
      "align": "center",
      "linkedSceneId": "StoryLine/Sample Project/Scenes/02-06 Jacks Secret.md"
    },
    "row-6-col-7": {
      "id": "row-6-col-7",
      "content": "",
      "bgColor": "",
      "textColor": "",
      "bold": false,
      "italic": false,
      "align": "center"
    },
    "row-6-col-8": {
      "id": "row-6-col-8",
      "content": "",
      "bgColor": "",
      "textColor": "",
      "bold": false,
      "italic": false,
      "align": "center"
    },
    "row-6-col-9": {
      "id": "row-6-col-9",
      "content": "",
      "bgColor": "",
      "textColor": "",
      "bold": false,
      "italic": false,
      "align": "center"
    },
    "row-6-col-10": {
      "id": "row-6-col-10",
      "content": "",
      "bgColor": "",
      "textColor": "",
      "bold": false,
      "italic": false,
      "align": "center"
    },
    "row-7-col-1": {
      "id": "row-7-col-1",
      "content": "Storm night - someone breaks in, slashes paintings",
      "bgColor": "#9fa8da",
      "textColor": "#ffffff",
      "bold": true,
      "italic": false,
      "align": "left",
      "linkedSceneId": "StoryLine/Sample Project/Scenes/02-07 The Storm.md",
      "manualContent": true
    },
    "row-7-col-2": {
      "id": "row-7-col-2",
      "content": "Jack arrives in the storm. Protects Emma. First kiss.",
      "bgColor": "#f8bbd0",
      "textColor": "#1a1a2e",
      "bold": true,
      "italic": false,
      "align": "left",
      "manualContent": true
    },
    "row-7-col-3": {
      "id": "row-7-col-3",
      "content": "Whoever slashed them knows about the hidden message",
      "bgColor": "#fff3e0",
      "textColor": "#1a1a2e",
      "bold": false,
      "italic": false,
      "align": "left",
      "manualContent": true
    },
    "row-7-col-4": {
      "id": "row-7-col-4",
      "content": "Blackwood getting desperate. Escalation.",
      "bgColor": "#c8e6c9",
      "textColor": "#1a1a2e",
      "bold": true,
      "italic": false,
      "align": "left",
      "manualContent": true
    },
    "row-7-col-5": {
      "id": "row-7-col-5",
      "content": "★ POV",
      "bgColor": "#bbdefb",
      "textColor": "#1a1a2e",
      "bold": true,
      "italic": false,
      "align": "center",
      "linkedSceneId": "StoryLine/Sample Project/Scenes/02-07 The Storm.md"
    },
    "row-7-col-6": {
      "id": "row-7-col-6",
      "content": "✓",
      "bgColor": "#ede7f6",
      "textColor": "#1a1a2e",
      "bold": false,
      "italic": false,
      "align": "center",
      "linkedSceneId": "StoryLine/Sample Project/Scenes/02-07 The Storm.md"
    },
    "row-7-col-7": {
      "id": "row-7-col-7",
      "content": "",
      "bgColor": "",
      "textColor": "",
      "bold": false,
      "italic": false,
      "align": "center"
    },
    "row-7-col-8": {
      "id": "row-7-col-8",
      "content": "",
      "bgColor": "",
      "textColor": "",
      "bold": false,
      "italic": false,
      "align": "center"
    },
    "row-7-col-9": {
      "id": "row-7-col-9",
      "content": "",
      "bgColor": "",
      "textColor": "",
      "bold": false,
      "italic": false,
      "align": "center"
    },
    "row-7-col-10": {
      "id": "row-7-col-10",
      "content": "",
      "bgColor": "",
      "textColor": "",
      "bold": false,
      "italic": false,
      "align": "center"
    },
    "row-8-col-1": {
      "id": "row-8-col-1",
      "content": "Break into Manor. Find Algernon's journal in the safe.",
      "bgColor": "#9fa8da",
      "textColor": "#ffffff",
      "bold": true,
      "italic": false,
      "align": "left",
      "linkedSceneId": "StoryLine/Sample Project/Scenes/02-08 Breaking In.md",
      "manualContent": true
    },
    "row-8-col-2": {
      "id": "row-8-col-2",
      "content": "Emma and Jack work as a team - trust is complete",
      "bgColor": "#fce4ec",
      "textColor": "#1a1a2e",
      "bold": false,
      "italic": false,
      "align": "left",
      "manualContent": true
    },
    "row-8-col-3": {
      "id": "row-8-col-3",
      "content": "Journal reveals Algernon knew about Thomas's fate",
      "bgColor": "#ffe0b2",
      "textColor": "#1a1a2e",
      "bold": true,
      "italic": false,
      "align": "left",
      "manualContent": true
    },
    "row-8-col-4": {
      "id": "row-8-col-4",
      "content": "Algernon's journal exposes decades of corruption",
      "bgColor": "#c8e6c9",
      "textColor": "#1a1a2e",
      "bold": false,
      "italic": false,
      "align": "left",
      "manualContent": true
    },
    "row-8-col-5": {
      "id": "row-8-col-5",
      "content": "★ POV",
      "bgColor": "#bbdefb",
      "textColor": "#1a1a2e",
      "bold": true,
      "italic": false,
      "align": "center",
      "linkedSceneId": "StoryLine/Sample Project/Scenes/02-08 Breaking In.md"
    },
    "row-8-col-6": {
      "id": "row-8-col-6",
      "content": "✓",
      "bgColor": "#ede7f6",
      "textColor": "#1a1a2e",
      "bold": false,
      "italic": false,
      "align": "center",
      "linkedSceneId": "StoryLine/Sample Project/Scenes/02-08 Breaking In.md"
    },
    "row-8-col-7": {
      "id": "row-8-col-7",
      "content": "",
      "bgColor": "",
      "textColor": "",
      "bold": false,
      "italic": false,
      "align": "center"
    },
    "row-8-col-8": {
      "id": "row-8-col-8",
      "content": "",
      "bgColor": "",
      "textColor": "",
      "bold": false,
      "italic": false,
      "align": "center"
    },
    "row-8-col-9": {
      "id": "row-8-col-9",
      "content": "✓",
      "bgColor": "#fbe9e7",
      "textColor": "#1a1a2e",
      "bold": false,
      "italic": false,
      "align": "center",
      "linkedSceneId": "StoryLine/Sample Project/Scenes/02-08 Breaking In.md"
    },
    "row-8-col-10": {
      "id": "row-8-col-10",
      "content": "",
      "bgColor": "",
      "textColor": "",
      "bold": false,
      "italic": false,
      "align": "center"
    },
    "row-9-col-1": {
      "id": "row-9-col-1",
      "content": "",
      "bgColor": "",
      "textColor": "",
      "bold": false,
      "italic": false,
      "align": "center"
    },
    "row-9-col-2": {
      "id": "row-9-col-2",
      "content": "",
      "bgColor": "",
      "textColor": "",
      "bold": false,
      "italic": false,
      "align": "center"
    },
    "row-9-col-3": {
      "id": "row-9-col-3",
      "content": "FLASHBACK: Midsummer 1982. Thomas's last happy day.",
      "bgColor": "#ffe0b2",
      "textColor": "#1a1a2e",
      "bold": false,
      "italic": true,
      "align": "left",
      "linkedSceneId": "StoryLine/Sample Project/Scenes/02-09 The Last Good Summer.md",
      "manualContent": true
    },
    "row-9-col-4": {
      "id": "row-9-col-4",
      "content": "",
      "bgColor": "",
      "textColor": "",
      "bold": false,
      "italic": false,
      "align": "center"
    },
    "row-9-col-5": {
      "id": "row-9-col-5",
      "content": "",
      "bgColor": "",
      "textColor": "",
      "bold": false,
      "italic": false,
      "align": "center"
    },
    "row-9-col-6": {
      "id": "row-9-col-6",
      "content": "",
      "bgColor": "",
      "textColor": "",
      "bold": false,
      "italic": false,
      "align": "center"
    },
    "row-9-col-7": {
      "id": "row-9-col-7",
      "content": "★ POV",
      "bgColor": "#f8bbd0",
      "textColor": "#1a1a2e",
      "bold": true,
      "italic": false,
      "align": "center",
      "linkedSceneId": "StoryLine/Sample Project/Scenes/02-09 The Last Good Summer.md"
    },
    "row-9-col-8": {
      "id": "row-9-col-8",
      "content": "✓",
      "bgColor": "#e0f2f1",
      "textColor": "#1a1a2e",
      "bold": false,
      "italic": false,
      "align": "center",
      "linkedSceneId": "StoryLine/Sample Project/Scenes/02-09 The Last Good Summer.md"
    },
    "row-9-col-9": {
      "id": "row-9-col-9",
      "content": "",
      "bgColor": "",
      "textColor": "",
      "bold": false,
      "italic": false,
      "align": "center"
    },
    "row-9-col-10": {
      "id": "row-9-col-10",
      "content": "✓",
      "bgColor": "#fff9c4",
      "textColor": "#1a1a2e",
      "bold": false,
      "italic": false,
      "align": "center",
      "linkedSceneId": "StoryLine/Sample Project/Scenes/02-09 The Last Good Summer.md"
    },
    "row-10-col-1": {
      "id": "row-10-col-1",
      "content": "Emma confronts Howard with the evidence. He crumbles.",
      "bgColor": "#9fa8da",
      "textColor": "#ffffff",
      "bold": true,
      "italic": false,
      "align": "left",
      "linkedSceneId": "StoryLine/Sample Project/Scenes/03-10 The Confrontation.md",
      "manualContent": true
    },
    "row-10-col-2": {
      "id": "row-10-col-2",
      "content": "Jack at her side - she's not doing this alone anymore",
      "bgColor": "#fce4ec",
      "textColor": "#1a1a2e",
      "bold": false,
      "italic": false,
      "align": "left",
      "manualContent": true
    },
    "row-10-col-3": {
      "id": "row-10-col-3",
      "content": "Howard's family covered up Thomas's murder for land rights",
      "bgColor": "#ffe0b2",
      "textColor": "#1a1a2e",
      "bold": true,
      "italic": false,
      "align": "left",
      "manualContent": true
    },
    "row-10-col-4": {
      "id": "row-10-col-4",
      "content": "Howard's authority collapses. Island watches in shock.",
      "bgColor": "#c8e6c9",
      "textColor": "#1a1a2e",
      "bold": true,
      "italic": false,
      "align": "left",
      "manualContent": true
    },
    "row-10-col-5": {
      "id": "row-10-col-5",
      "content": "★ POV",
      "bgColor": "#bbdefb",
      "textColor": "#1a1a2e",
      "bold": true,
      "italic": false,
      "align": "center",
      "linkedSceneId": "StoryLine/Sample Project/Scenes/03-10 The Confrontation.md"
    },
    "row-10-col-6": {
      "id": "row-10-col-6",
      "content": "✓",
      "bgColor": "#ede7f6",
      "textColor": "#1a1a2e",
      "bold": false,
      "italic": false,
      "align": "center",
      "linkedSceneId": "StoryLine/Sample Project/Scenes/03-10 The Confrontation.md"
    },
    "row-10-col-7": {
      "id": "row-10-col-7",
      "content": "",
      "bgColor": "",
      "textColor": "",
      "bold": false,
      "italic": false,
      "align": "center"
    },
    "row-10-col-8": {
      "id": "row-10-col-8",
      "content": "",
      "bgColor": "",
      "textColor": "",
      "bold": false,
      "italic": false,
      "align": "center"
    },
    "row-10-col-9": {
      "id": "row-10-col-9",
      "content": "✓",
      "bgColor": "#fbe9e7",
      "textColor": "#1a1a2e",
      "bold": false,
      "italic": false,
      "align": "center",
      "linkedSceneId": "StoryLine/Sample Project/Scenes/03-10 The Confrontation.md"
    },
    "row-10-col-10": {
      "id": "row-10-col-10",
      "content": "",
      "bgColor": "",
      "textColor": "",
      "bold": false,
      "italic": false,
      "align": "center"
    },
    "row-11-col-1": {
      "id": "row-11-col-1",
      "content": "Maggie confesses to her role in the cover-up",
      "bgColor": "#e8eaf6",
      "textColor": "#1a1a2e",
      "bold": false,
      "italic": false,
      "align": "left",
      "linkedSceneId": "StoryLine/Sample Project/Scenes/03-11 Maggies Confession.md",
      "manualContent": true
    },
    "row-11-col-2": {
      "id": "row-11-col-2",
      "content": "",
      "bgColor": "",
      "textColor": "",
      "bold": false,
      "italic": false,
      "align": "center"
    },
    "row-11-col-3": {
      "id": "row-11-col-3",
      "content": "Maggie's guilt: she chose safety over truth for 40 years",
      "bgColor": "#ffe0b2",
      "textColor": "#1a1a2e",
      "bold": false,
      "italic": true,
      "align": "left",
      "manualContent": true
    },
    "row-11-col-4": {
      "id": "row-11-col-4",
      "content": "The old guard who kept silent begin to speak up",
      "bgColor": "#e8f5e9",
      "textColor": "#1a1a2e",
      "bold": false,
      "italic": true,
      "align": "left",
      "manualContent": true
    },
    "row-11-col-5": {
      "id": "row-11-col-5",
      "content": "✓",
      "bgColor": "#e3f2fd",
      "textColor": "#1a1a2e",
      "bold": false,
      "italic": false,
      "align": "center",
      "linkedSceneId": "StoryLine/Sample Project/Scenes/03-11 Maggies Confession.md"
    },
    "row-11-col-6": {
      "id": "row-11-col-6",
      "content": "",
      "bgColor": "",
      "textColor": "",
      "bold": false,
      "italic": false,
      "align": "center"
    },
    "row-11-col-7": {
      "id": "row-11-col-7",
      "content": "",
      "bgColor": "",
      "textColor": "",
      "bold": false,
      "italic": false,
      "align": "center"
    },
    "row-11-col-8": {
      "id": "row-11-col-8",
      "content": "★ POV",
      "bgColor": "#b2dfdb",
      "textColor": "#1a1a2e",
      "bold": true,
      "italic": false,
      "align": "center",
      "linkedSceneId": "StoryLine/Sample Project/Scenes/03-11 Maggies Confession.md"
    },
    "row-11-col-9": {
      "id": "row-11-col-9",
      "content": "",
      "bgColor": "",
      "textColor": "",
      "bold": false,
      "italic": false,
      "align": "center"
    },
    "row-11-col-10": {
      "id": "row-11-col-10",
      "content": "",
      "bgColor": "",
      "textColor": "",
      "bold": false,
      "italic": false,
      "align": "center"
    },
    "row-12-col-1": {
      "id": "row-12-col-1",
      "content": "Truth is out. Thomas is remembered. The ring stays on.",
      "bgColor": "#9fa8da",
      "textColor": "#ffffff",
      "bold": true,
      "italic": false,
      "align": "left",
      "linkedSceneId": "StoryLine/Sample Project/Scenes/03-12 The Aftermath.md",
      "manualContent": true
    },
    "row-12-col-2": {
      "id": "row-12-col-2",
      "content": "Emma and Jack together. She decides to stay on the island.",
      "bgColor": "#f8bbd0",
      "textColor": "#1a1a2e",
      "bold": true,
      "italic": false,
      "align": "left",
      "manualContent": true
    },
    "row-12-col-3": {
      "id": "row-12-col-3",
      "content": "Emma writes Thomas's story - a tribute, not an expose",
      "bgColor": "#fff3e0",
      "textColor": "#1a1a2e",
      "bold": false,
      "italic": false,
      "align": "left",
      "manualContent": true
    },
    "row-12-col-4": {
      "id": "row-12-col-4",
      "content": "Resort deal collapses. Island must find a new path.",
      "bgColor": "#c8e6c9",
      "textColor": "#1a1a2e",
      "bold": false,
      "italic": false,
      "align": "left",
      "manualContent": true
    },
    "row-12-col-5": {
      "id": "row-12-col-5",
      "content": "★ POV",
      "bgColor": "#bbdefb",
      "textColor": "#1a1a2e",
      "bold": true,
      "italic": false,
      "align": "center",
      "linkedSceneId": "StoryLine/Sample Project/Scenes/03-12 The Aftermath.md"
    },
    "row-12-col-6": {
      "id": "row-12-col-6",
      "content": "✓",
      "bgColor": "#ede7f6",
      "textColor": "#1a1a2e",
      "bold": false,
      "italic": false,
      "align": "center",
      "linkedSceneId": "StoryLine/Sample Project/Scenes/03-12 The Aftermath.md"
    },
    "row-12-col-7": {
      "id": "row-12-col-7",
      "content": "",
      "bgColor": "",
      "textColor": "",
      "bold": false,
      "italic": false,
      "align": "center"
    },
    "row-12-col-8": {
      "id": "row-12-col-8",
      "content": "",
      "bgColor": "",
      "textColor": "",
      "bold": false,
      "italic": false,
      "align": "center"
    },
    "row-12-col-9": {
      "id": "row-12-col-9",
      "content": "",
      "bgColor": "",
      "textColor": "",
      "bold": false,
      "italic": false,
      "align": "center"
    },
    "row-12-col-10": {
      "id": "row-12-col-10",
      "content": "",
      "bgColor": "",
      "textColor": "",
      "bold": false,
      "italic": false,
      "align": "center"
    }
  },
  "zoom": 0.6000000000000001,
  "stickyHeaders": true
}